,file_sizes
0,18436
1,16384
2,49152
3,44913
4,1138783
5,131088
6,2935127
7,3707133
8,209145
9,89558
10,38372
11,172819
12,13801
13,12579
14,135577
15,275607
16,61708
17,19561
18,36030
19,606392
20,1506813
21,49961
22,33451
23,43322
24,1029689
25,1265461
26,2430059
27,2277190
28,3845237
29,57440
30,35949
31,115143
32,14808737
33,352343
34,27128
35,97484
36,1246611
37,12722555
38,9794449
39,54979
40,214012
41,47883
42,48387
43,59169
44,568942
45,573379
46,21544
47,230870
48,25730
49,45612
50,113885
51,116131
52,49866
53,130031
54,134169
55,52071
56,55385
57,55410
58,57394
59,143450
60,68668
61,109196
62,92404
63,94567
64,57632
65,59704
66,65371
67,76509
68,106829
69,18906
70,32778
71,143686
72,262939
73,129828
74,484608
75,337840
76,497804
77,337818
78,374242
79,126727
80,128720
81,57364597
82,23552
83,175566
84,39895
85,2156322
86,18112
87,123613
88,67901
89,525814
90,23781
91,13821
92,51465
93,181444
94,23480
95,242707
96,193505
97,365846
98,807489
99,1846607
100,50829
101,36180
102,58408
103,48468
104,65876
105,18405
106,26388
107,16173
108,17103
109,10784
110,16966
111,24124
112,22142
113,27022
114,14278
115,10595
116,10720
117,13850
118,10802
119,16037
120,2456023
121,78416
122,17900
123,37404
124,53237
125,31714
126,46709874
127,10342
128,60327
129,585748
130,132308
131,163240
132,148331
133,115631
134,125917
135,122226
136,145722
137,161732
138,147434
139,132686
140,145834
141,135387
142,107572
143,125718
144,117809
145,144997
146,156596
147,100356
148,177167
149,194172
150,114686
151,161979
152,176281
153,108685
154,93913
155,93918
156,90453
157,90456
158,303633
159,303634
160,184190
161,22465
162,144129
163,147005
164,39305
165,30271
166,56663
167,59631
168,27936
169,262227
170,46853
171,44195
172,24633
173,162927
174,162924
175,134654
176,184168
177,136230
178,140186
179,179751
180,277841
181,277949
182,218914
183,218915
184,20295
185,153719
186,157458
187,151728
188,157472
189,397246
190,380170
191,227886
192,374577
193,361906
194,43053
195,48337
196,45737
197,41443
198,45707
199,43617
200,293640
201,283368
202,300572
203,290300
204,305451
205,295181
206,466754
207,895644
208,20386
209,300240
210,4700160
211,74787840
212,295048
213,1448239
214,156010
215,89161
216,236578
217,952944
218,35031
219,7096240
220,5945844
221,116934
222,14389
223,22266
224,23681
225,10076
226,21749
227,20787
228,20978
229,14936
230,17376
231,14463
232,220635
233,30259
234,55503
235,52775
236,691713
237,11265
238,433718
239,108983
240,26022
241,14894517
242,585308
243,10244
244,1905943
245,105796
246,204011
247,189220
248,133592
249,145522
250,232190
251,73335
252,167718
253,158338
254,134342
255,417959
256,134948
257,120808
258,214416
259,91630
260,31901
261,40152
262,27668
263,25504
264,12673
265,13288
266,13284
267,13788
268,84432
269,32710
270,109228
271,27627
272,19748
273,25281
274,13906
275,347362
276,13158
277,124100
278,278072
279,21920
280,1484298
281,57772
282,42336
283,52592
284,21798
285,27423
286,275432
287,98696
288,522928
289,965828
290,60585
291,60288
292,1402345
293,345963
294,1854653
295,1814901
296,46512
297,66511
298,12673
299,13284
300,32710
301,27791
302,39648
303,68665
304,27750
305,375328
306,558433
307,14354
308,57772
309,227311
310,522928
311,965828
312,60288
313,20703
314,11618
315,11121
316,12731
317,12724
318,12996
319,10207
320,11005
321,11957
322,19096
323,19096
324,57344
325,56832
326,91136
327,61440
328,156360
329,13703
330,45060
331,411376
332,410427
333,71168
334,214779
335,9610194
336,38301
337,59452
338,48823130
339,177220
340,217586
341,311123
342,129337
343,15086
344,122958
345,15353
346,142147
347,7800850
348,16992
349,28160
350,2709618
351,165765
352,143504
353,84515
354,145106
355,2992520
356,103380
357,4511643
358,108848
359,126956
360,75225
361,3127064
362,4197109
363,79360
364,60719
365,138728
366,94840
367,20992
368,87024
369,548521
370,94274
371,88795
372,176674
373,167000
374,62482
375,79848
376,79536
377,35572
378,13312
379,180395
380,32256
381,20001
382,570402
383,70292
384,22528
385,64775
386,14848
387,124020
388,10744
389,57309
390,8496116
391,100137
392,119472
393,86534
394,350888
395,114982
396,888582
397,313256
398,343508
399,15879110
400,8981436
401,776452
402,1457935
403,2536426
404,2148630
405,137213
406,980313
407,540960
408,95624
409,12288
410,13555214
411,492935
412,2037922
413,18432
414,12800
415,25600
416,35328
417,15360
418,44265
419,48740
420,177751
421,49711
422,556428
423,92196
424,1209666
425,910048
426,324527
427,629970
428,70593
429,6683837
430,145027
431,63814
432,160496
433,36754
434,1936254
435,136414
436,646585
437,629899
438,3177750
439,92701
440,20992
441,11776
442,92165
443,88178
444,25600
445,452603
446,452603
447,33280
448,81920
449,73724
450,102410
451,22528
452,11129
453,156695
454,233900
455,1013008
456,33100
457,271094
458,1075562
459,71398
460,259735
461,259054
462,591223
463,145322
464,679841
465,330643
466,611303
467,181833
468,140453
469,148347
470,165059
471,370592
472,655504
473,546299
474,136500
475,41694
476,37376
477,92160
478,110592
479,32768
480,1324032
481,100916
482,51413
483,103031
484,27553
485,53098
486,35474
487,1033988
488,920348
489,227495
490,128493
491,128254
492,687878
493,1227788
494,428199
495,10905
496,126418
497,16066
498,37911
499,1686039
500,980689
501,1247276
502,1605659
503,1033988
504,920348
505,227495
506,128493
507,128254
508,687878
509,1227788
510,428199
511,10905
512,54855
513,27814
514,1686039
515,980689
516,1247276
517,1605659
518,54855
519,27814
520,36307
521,46189
522,16161
523,14765
524,15908
525,17679
526,18053
527,17469
528,32825
529,40271
530,25430
531,10212
532,21623
533,23951
534,23606
535,42264
536,30636
537,16262
538,12292
539,10905296
540,761154
541,1558826
542,11290788
543,1603866
544,2725052
545,2366407
546,3656260
547,2259560
548,810412
549,4347550
550,28992
551,11607
552,12682
553,10500
554,147267
555,63836
556,10310
557,10682
558,36565
559,140190
560,73476
561,187952
562,21452
563,173152
564,226480
565,13296
566,63836
567,36565
568,162954
569,70047
570,36948
571,187952
572,21452
573,173152
574,226480
575,13296
576,63836
577,36565
578,162954
579,70095
580,41044
581,187952
582,21452
583,173152
584,226480
585,13296
586,63836
587,36565
588,162954
589,70111
590,36948
591,187952
592,21452
593,173152
594,226480
595,13296
596,29264
597,11046
598,18973
599,22083
600,27719
601,27103
602,11190
603,107464
604,25684
605,55516
606,40312
607,42510
608,30545
609,30660
610,30733
611,30658
612,30543
613,30547
614,30663
615,30555
616,30550
617,30545
618,30552
619,30711
620,30553
621,30543
622,30551
623,30548
624,14340
625,6363017
626,10240
627,19968
628,44285986
629,15653
630,1667504
631,1554288
632,1820758
633,59904
634,181306
635,95940
636,41984
637,155846
638,167424
639,108032
640,28672
641,57141
642,153600
643,15404
644,62287
645,187460
646,1763986
647,409802
648,163955
649,17118
650,12800
651,24864133
652,23572
653,31076
654,12292
655,10905296
656,761154
657,1558826
658,11290788
659,1603866
660,2725052
661,743936
662,61777
663,2366407
664,3656072
665,2259560
666,810412
667,4347550
668,95517
669,60736
670,10824
671,12180
672,147267
673,32136
674,10396
675,18973
676,21333
677,27689
678,26305
679,11190
680,107464
681,13191
682,27256
683,40312
684,42510
685,30733
686,12292
687,33280
688,67064
689,509998
690,39675
691,35161
692,972976
693,114282260
694,2107523
695,176670
696,629253
697,5441425
698,221937
699,769446
700,416069
701,441083
702,448296
703,1747641
704,538795
705,1500567
706,674235
707,696606
708,7948539
709,911861
710,1790961
711,15724
712,12539
713,15360
714,411418
715,672541
716,1192702
717,151824
718,414165
719,682183
720,215415
721,18929
722,647490
723,1582304
724,1943787
725,63866
726,28017
727,6878760
728,21889485
729,4208743
730,87040
731,4911295
732,389812
733,6614374
734,4809728
735,198959
736,116451
737,389911
738,599064
739,7392132
740,26112
741,302641
742,872229
743,1078142
744,2143647
745,1215260
746,1151986
747,80271
748,21439
749,71757
750,51782
751,417792
752,23547
753,12720
754,25134
755,11422
756,12292
757,678496
758,40302
759,1674682
760,48975
761,3178915
762,296326
763,3491205
764,280382
765,3393001
766,275452
767,3459548
768,253303
769,3531119
770,262925
771,3471211
772,233467
773,3057848
774,219587
775,3610765
776,3854025
777,2058414
778,2256908
779,2085221
780,1871742
781,156176
782,132818
783,159921
784,153792
785,161000
786,157240
787,152479
788,8513590
789,14331958
790,14061622
791,11452470
792,37634102
793,17037366
794,18202678
795,31985718
796,18409526
797,36618294
798,10930230
799,7809078
800,44982054
801,12986422
802,37232694
803,75587638
804,22945846
805,16697398
806,22331446
807,20705334
808,45867062
809,40710198
810,21076022
811,15769654
812,29069366
813,42788918
814,26411062
815,34996278
816,42659894
817,14254134
818,8812598
819,17911862
820,431456
821,428178
822,436201
823,425628
824,428739
825,39719282
826,337932
827,157025
828,102261
829,12292
830,825965
831,12292
832,10637711
833,8047938
834,10784875
835,3364172
836,13780
837,13780
838,803446
839,4345978
840,60192
841,11458
842,145783
843,32092
844,10396
845,21107
846,22095
847,10026
848,107464
849,13157
850,27256
851,40312
852,42510
853,30545
854,30660
855,30733
856,30658
857,30543
858,30547
859,30663
860,30555
861,30550
862,30545
863,30552
864,30553
865,30543
866,30551
867,30548
868,16426
869,532148
870,24772571
871,532148
872,24772571
873,28052
874,38218
875,206239
876,105247
877,12931
878,61972
879,145314
880,16426
881,10988
882,21752
883,15386
884,17447
885,10465
886,59228
887,101155
888,36705
889,28049
890,19744
891,15245
892,10043
893,10072
894,49389
895,49720
896,12294
897,24796
898,23171
899,10030
900,10474
901,11220
902,19050
903,27726
904,25960
905,18107
906,12499
907,859428
908,66106
909,39423
910,13193
911,72599
912,222614
913,13025
914,14561
915,16941
916,10338
917,11008
918,67373
919,20288
920,151904
921,21922
922,15793
923,30674
924,45167
925,38635
926,23506
927,52793
928,11535
929,14753
930,27634
931,93906
932,64062
933,56501
934,14184
935,95666
936,11357
937,47322
938,21816
939,39264
940,16855
941,17823
942,30685
943,16393
944,377974
945,43200
946,11955
947,29034
948,29971
949,165633
950,10801
951,24062
952,51682
953,14779
954,20580
955,10658
956,24507
957,13724
958,1798694
959,453202
960,159988
961,359587
962,12975
963,10447
964,12899
965,11838
966,10810
967,14501
968,15643
969,16786
970,19090
971,10142
972,16132
973,14244
974,23356
975,22121
976,12863
977,12426
978,14502
979,131514
980,10532
981,132424
982,119515
983,127295
984,161400
985,12672
986,138008
987,10462
988,14331
989,11171
990,11523
991,14500
992,13483
993,13388
994,17805
995,17602
996,14216
997,18897
998,18813
999,24688
1000,14381
1001,12997
1002,18158
1003,15366
1004,17074
1005,18192
1006,17542
1007,17535
1008,14869
1009,16642
1010,18803
1011,17823
1012,11128
1013,15267
1014,11399
1015,12615
1016,17715
1017,16971
1018,10641
1019,10462
1020,19136
1021,14422
1022,16325
1023,18182
1024,12172
1025,22843
1026,10252
1027,11553
1028,19685
1029,19616
1030,16647
1031,13578
1032,10462
1033,15857
1034,12814
1035,10772
1036,19766
1037,17461
1038,12306
1039,15855
1040,34383
1041,13391
1042,10453
1043,16870
1044,21652
1045,11822
1046,26976
1047,22868
1048,26833
1049,23358
1050,12844
1051,26286
1052,17802
1053,22502
1054,17807
1055,13995
1056,13978
1057,13971
1058,64261
1059,10462
1060,11038
1061,19661
1062,14543
1063,19785
1064,22188
1065,15252
1066,14953
1067,26661
1068,12414
1069,12607
1070,12292
1071,12562
1072,11038
1073,14712
1074,13470
1075,15582
1076,26833
1077,14260
1078,14946
1079,14600
1080,13474
1081,13448
1082,14217
1083,13654
1084,4028765
1085,10639
1086,10619
1087,10629
1088,10747
1089,10662
1090,10627
1091,10618
1092,10569
1093,19328
1094,19330
1095,19361
1096,19368
1097,10143
1098,12322
1099,12507
1100,12205
1101,12195
1102,12256
1103,12213
1104,12792
1105,13375
1106,12130
1107,13274
1108,12604
1109,13445
1110,12075
1111,13322
1112,10307
1113,10296
1114,21559
1115,19184
1116,25227
1117,28983
1118,15465
1119,13961
1120,90235
1121,11511
1122,13743
1123,125222
1124,13095
1125,12536
1126,18037
1127,11155
1128,11798
1129,18065
1130,14199
1131,19620
1132,29619
1133,24194
1134,22895
1135,16585
1136,16455
1137,19610
1138,28069
1139,15162
1140,38342
1141,34396
1142,12292
1143,32625
1144,40220
1145,32625
1146,40220
1147,11883
1148,11874
1149,17530
1150,17530
1151,21478
1152,16762
1153,29965
1154,93489
1155,25549
1156,27388
1157,30724
1158,1959743
1159,43008
1160,210613
1161,113119
1162,167055
1163,246103
1164,101438
1165,1514391
1166,820914
1167,190804584
1168,4586528
1169,40345654
1170,536374
1171,88576
1172,138178
1173,202010
1174,809270
1175,25600
1176,23469
1177,3860005
1178,4441778
1179,1422505
1180,24576
1181,150524
1182,1018448
1183,739288
1184,41472
1185,20480
1186,24576
1187,56565
1188,438431
1189,9570462
1190,646765
1191,787596
1192,20480
1193,19229
1194,145157
1195,20622
1196,100913
1197,112128
1198,159195
1199,103992
1200,3492748
1201,4845485
1202,59392
1203,8831688
1204,51635
1205,41812
1206,50262
1207,490471
1208,42496
1209,23142
1210,52224
1211,2915467
1212,27136
1213,38834
1214,174290
1215,2677751
1216,16988
1217,25761
1218,34482
1219,40688
1220,10752
1221,20480
1222,137856
1223,1406525
1224,135911
1225,189390834
1226,7392132
1227,57060
1228,16058915
1229,704673
1230,983816
1231,882541
1232,10240
1233,10727
1234,36680
1235,43714
1236,12163
1237,178688
1238,12707
1239,11791
1240,28643
1241,37705
1242,42843
1243,109056
1244,667648
1245,5074944
1246,19721
1247,11456
1248,3420160
1249,20480
1250,28712
1251,10597
1252,10468
1253,6092660
1254,6371651
1255,6284206
1256,6377316
1257,6465985
1258,5744059
1259,5826574
1260,5710767
1261,5735480
1262,5809949
1263,5851452
1264,5635319
1265,5535063
1266,5551491
1267,5565673
1268,10502916
1269,18082112
1270,206807
1271,20216
1272,57856
1273,85885
1274,23552
1275,942893
1276,26924
1277,2204500
1278,22320000
1279,592493
1280,59604
1281,46589
1282,45203
1283,44652
1284,159593
1285,53618
1286,97745
1287,43783
1288,25193
1289,34106
1290,15364
1291,1187409
1292,149905
1293,15987
1294,110279
1295,15987
1296,15120
1297,1675454
1298,96127
1299,495152
1300,216419
1301,186205
1302,99026
1303,65518
1304,575663
1305,546894
1306,27704259
1307,1156419
1308,153807
1309,48640
1310,12292
1311,1919647
1312,12878
1313,1647497
1314,3967352
1315,7271194
1316,133216
1317,124498
1318,113739
1319,157609
1320,146927
1321,301388
1322,90937
1323,458063
1324,13897305
1325,1275859
1326,23432
1327,258787
1328,36664
1329,8933540
1330,83896430
1331,171166
1332,50572
1333,257958
1334,27505
1335,241558
1336,13905
1337,1078935
1338,168960
1339,25670
1340,181558
1341,144899
1342,1939510
1343,484850
1344,29401
1345,146224
1346,21769
1347,145011
1348,877622
1349,438828
1350,1720374
1351,215069
1352,1732662
1353,1724470
1354,1667126
1355,1720364
1356,484850
1357,727012
1358,363528
1359,2908214
1360,2908214
1361,1359926
1362,316972
1363,1184158
1364,196652
1365,200192
1366,24910
1367,1165297
1368,1879935
1369,321361
1370,1734253
1371,191858
1372,1996266
1373,195219
1374,1505987
1375,152271
1376,2091322
1377,276093
1378,1555133
1379,97218
1380,102903
1381,100083
1382,310097
1383,147641
1384,245503
1385,60276
1386,12292
1387,48884
1388,1059028
1389,39964
1390,5868738
1391,378780
1392,5334768
1393,308964
1394,16193192
1395,277487
1396,268789
1397,9874584
1398,354708
1399,4855492
1400,285268
1401,3243511
1402,2715338
1403,11262465
1404,20323
1405,16981
1406,19559
1407,31057
1408,27977
1409,33905
1410,27587
1411,26969
1412,27611
1413,27032
1414,27770
1415,65932
1416,58716
1417,28416
1418,55871
1419,12707
1420,21644
1421,114686
1422,107032
1423,105829
1424,106975
1425,17816
1426,208370
1427,46334
1428,52082
1429,52156
1430,49101
1431,55034
1432,12292
1433,146390
1434,100980
1435,12292
1436,23376
1437,40837
1438,80925
1439,14988
1440,64497
1441,23627
1442,10830
1443,196409
1444,73397
1445,52534
1446,82190
1447,260066
1448,58798
1449,65670
1450,51152
1451,68126
1452,19714
1453,40837
1454,80925
1455,16045
1456,48033
1457,313674
1458,16176
1459,16628
1460,26370595
1461,884127
1462,4009002
1463,38476612
1464,1141357
1465,1128369
1466,25824851
1467,984018
1468,2214181
1469,733831
1470,132952
1471,67688
1472,1650093
1473,614899
1474,559412
1475,191678
1476,26133817
1477,592844
1478,26639016
1479,15364
1480,46836
1481,40138
1482,38524
1483,34506
1484,28031
1485,27362
1486,22579
1487,19235
1488,17794
1489,18033
1490,15237
1491,14182
1492,23219
1493,18435
1494,18075
1495,14713
1496,11486
1497,10995
1498,18051
1499,13100
1500,13100
1501,18674
1502,14483
1503,14047
1504,40055
1505,31845
1506,31429
1507,14256
1508,12230
1509,10742
1510,23218
1511,19490
1512,18817
1513,10668
1514,33819
1515,27761
1516,27396
1517,34762
1518,27779
1519,27423
1520,154776
1521,2678750
1522,186834
1523,13858
1524,18067
1525,10904
1526,11005
1527,17129
1528,31415
1529,18908
1530,26828
1531,12292
1532,135436
1533,156206
1534,23062
1535,24442
1536,145094
1537,128318
1538,21044
1539,21541
1540,136578
1541,85784
1542,96006
1543,12292
1544,31013
1545,23923
1546,29237
1547,22978
1548,34569
1549,27906
1550,28624
1551,21975
1552,29457
1553,24611
1554,12222
1555,10847
1556,11067
1557,14793
1558,12309
1559,11382
1560,14858
1561,173634
1562,146990
1563,237770
1564,287452
1565,12292
1566,265214
1567,138720
1568,126938
1569,473620
1570,331860
1571,247128
1572,21071
1573,443528
1574,241206
1575,285562
1576,127482
1577,473620
1578,326748
1579,196438
1580,13858
1581,18067
1582,10904
1583,11005
1584,17129
1585,25422
1586,31415
1587,21441
1588,18908
1589,26828
1590,521516
1591,98355
1592,29667
1593,36102
1594,219842
1595,48949
1596,52026
1597,83191
1598,84678
1599,51056
1600,36717
1601,21992
1602,36565
1603,24358
1604,22421
1605,24959
1606,22729
1607,30133
1608,27922
1609,28261
1610,31365
1611,30652
1612,30385
1613,27949
1614,22448
1615,30679
1616,30160
1617,24385
1618,31392
1619,22756
1620,30412
1621,28288
1622,24986
1623,65932
1624,58716
1625,63208
1626,63684
1627,49052
1628,55032
1629,54508
1630,49224
1631,60280
1632,58736
1633,14976
1634,14010
1635,20992
1636,1234555
1637,15360
1638,40917
1639,26375
1640,181551
1641,445977
1642,118519
1643,142441
1644,432265
1645,133374
1646,244763
1647,438731
1648,308724
1649,25706
1650,24492
1651,25571
1652,20814
1653,190583
1654,91642
1655,4366629
1656,305335
1657,12682
1658,12413
1659,65822
1660,34902
1661,21508
1662,28972
1663,29567
1664,15470
1665,10137
1666,31982
1667,10084
1668,12980
1669,60660
1670,15693
1671,14186
1672,15123
1673,46118
1674,18584
1675,14272
1676,23665
1677,13499
1678,73139
1679,12604
1680,20496
1681,57604
1682,10656
1683,19013
1684,28169
1685,10630
1686,16574
1687,18713
1688,19224
1689,39026
1690,24439
1691,34259
1692,15895
1693,14556
1694,16818
1695,48246
1696,16760
1697,11332
1698,17680
1699,21998
1700,59912
1701,13880
1702,34918
1703,12066
1704,11897
1705,15490
1706,10840
1707,11916
1708,27136
1709,13101
1710,53768
1711,17914
1712,55462
1713,542405
1714,573043
1715,597307
1716,478765
1717,128797
1718,684548
1719,497499
1720,714360
1721,410787
1722,88203
1723,23040
1724,37376
1725,1362369
1726,19387478
1727,237992
1728,15038886
1729,6755396
1730,20636
1731,53292
1732,484850
1733,69955
1734,68859
1735,46456
1736,19016
1737,38517
1738,51274
1739,270117
1740,3720004
1741,11175041
1742,11444385
1743,1105885
1744,1879654
1745,157648
1746,99511
1747,72263
1748,35151
1749,18432
1750,81920
1751,91786
1752,10863
1753,105728
1754,18315
1755,18341
1756,935852
1757,66509
1758,39470
1759,13191
1760,73202
1761,35476
1762,192384
1763,13204
1764,14560
1765,16668
1766,11014
1767,67206
1768,21769
1769,30781
1770,38635
1771,23068
1772,11535
1773,14676
1774,64062
1775,14254
1776,95313
1777,47479
1778,39291
1779,16671
1780,30175
1781,16506
1782,377974
1783,11955
1784,29971
1785,165633
1786,10824
1787,24044
1788,11747
1789,182895
1790,30395
1791,23111
1792,10754
1793,19077
1794,86626
1795,27088
1796,11849
1797,25724
1798,34298
1799,10008
1800,14810
1801,40911
1802,44754
1803,17257
1804,14840
1805,19849
1806,25946
1807,36368
1808,17527
1809,12422
1810,69657
1811,12989
1812,17146
1813,27362
1814,42972
1815,29094
1816,14710
1817,94562
1818,21749
1819,28523
1820,51422
1821,13361
1822,28456
1823,14830
1824,12781
1825,22196
1826,70961
1827,10128
1828,33640
1829,20817
1830,76460
1831,38658
1832,16343
1833,21732
1834,25074
1835,57234
1836,13239
1837,14033
1838,10384
1839,26194
1840,15020
1841,32878
1842,10988
1843,30396
1844,18246
1845,27974
1846,18402
1847,14635
1848,94103
1849,53111
1850,178318
1851,22975
1852,13621
1853,97760
1854,12430
1855,80922
1856,81059
1857,43413
1858,43413
1859,103752
1860,11016
1861,19232
1862,104674
1863,20042
1864,83682
1865,100666
1866,26154
1867,34363
1868,101111
1869,19815
1870,27778
1871,17438
1872,98259
1873,21746
1874,10467
1875,12390
1876,14118
1877,98649
1878,18359
1879,26441
1880,705016
1881,82980
1882,19891
1883,432164
1884,106006
1885,17287
1886,17167
1887,112314
1888,16268
1889,113899
1890,107613
1891,29496
1892,20534
1893,17853
1894,96485
1895,13073
1896,54781
1897,113904
1898,17022
1899,65010
1900,100998
1901,43657
1902,11409
1903,30359
1904,12531
1905,14825
1906,23751
1907,14049
1908,10428
1909,75940
1910,42964
1911,12449
1912,30359
1913,12531
1914,14825
1915,23767
1916,14113
1917,10428
1918,75940
1919,42756
1920,12449
1921,30787
1922,187989
1923,13933
1924,60875
1925,15027
1926,19616
1927,19511
1928,64377
1929,11808
1930,10563
1931,21285
1932,11979
1933,35334
1934,16321
1935,19769
1936,19616
1937,19820
1938,46944
1939,15178
1940,17655
1941,11664
1942,10281
1943,10789
1944,13283
1945,11929
1946,23296
1947,11224
1948,24522
1949,25108
1950,334282
1951,19216
1952,334282
1953,17867
1954,13826
1955,23317
1956,3666460
1957,24080
1958,3632617
1959,11249
1960,11558
1961,117036
1962,24469
1963,34332
1964,27325
1965,11564
1966,29804
1967,106020
1968,29804
1969,25290
1970,25332
1971,24469
1972,24468
1973,162872
1974,178064
1975,144336
1976,196642
1977,214126
1978,263523
1979,24490
1980,24540
1981,24403
1982,13430
1983,781781
1984,11204
1985,68163
1986,40624
1987,15653
1988,78825
1989,42744
1990,56732
1991,28734
1992,57664
1993,413764
1994,17784985
1995,9911853
1996,745793
1997,1708763
1998,660816
1999,652229
2000,13994635
2001,34243904
2002,1146037
2003,12647628
2004,2757650
2005,31049
2006,53098
2007,38558
2008,27930
2009,53098
2010,33955
2011,27411
2012,53098
2013,38830
2014,23025
2015,21254
2016,30849
2017,84148278
2018,136319030
2019,163872790
2020,98383926
2021,832482
2022,217586
2023,154728
2024,243243
2025,427018
2026,542509
2027,132382
2028,26960
2029,283399
2030,77963
2031,74811
2032,97783
2033,63322
2034,52175
2035,41011
2036,41263
2037,41705
2038,41018
2039,112664
2040,35956
2041,39044
2042,134269
2043,23325
2044,24703
2045,57093
2046,16384
2047,61316
2048,41136
2049,60813
2050,57166
2051,31363
2052,57017
2053,47107
2054,59221
2055,64378
2056,26663
2057,39539
2058,57794
2059,55610
2060,34925
2061,36858
2062,358881
2063,218183
2064,82621
2065,181478
2066,49712
2067,265972
2068,14656
2069,110454
2070,250757
2071,36083
2072,76241
2073,372868
2074,34860
2075,91495
2076,29470
2077,324724
2078,499665
2079,60173
2080,63444
2081,37383
2082,119463
2083,522834
2084,122795
2085,176244
2086,291357
2087,69962
2088,59716
2089,36188
2090,37269
2091,30648
2092,786410
2093,844974
2094,50516
2095,58388
2096,325935
2097,883869
2098,77505
2099,305240
2100,627401
2101,318232
2102,340040
2103,158269
2104,1060445
2105,166820
2106,88663
2107,323782
2108,840285
2109,1014226
2110,112797
2111,298117
2112,113182
2113,320221
2114,74205
2115,865364
2116,176468
2117,339480
2118,199414
2119,161560
2120,158040
2121,323274
2122,114744
2123,168062
2124,326452
2125,179637
2126,338519
2127,92552
2128,96388
2129,347005
2130,300459
2131,243491
2132,326971
2133,246050
2134,339157
2135,330078
2136,324892
2137,34702
2138,876724
2139,107655
2140,36364
2141,138308
2142,245259
2143,237352
2144,95150
2145,186141
2146,81762
2147,171922
2148,163985
2149,208232
2150,171744
2151,618020
2152,281820
2153,212889
2154,211069
2155,216567
2156,864848
2157,51927
2158,52016
2159,45503
2160,113995
2161,58894
2162,74077
2163,81875
2164,53664
2165,57424
2166,82069
2167,47859
2168,224787
2169,55904
2170,39430
2171,37590
2172,18361
2173,50199
2174,37619
2175,190365
2176,220013
2177,37553
2178,61714
2179,324632
2180,292054
2181,45174
2182,87183
2183,221248
2184,35353
2185,533987
2186,248063
2187,223988
2188,258044
2189,32182
2190,172989
2191,99671
2192,86751
2193,129712
2194,96184
2195,47327
2196,179808
2197,354884
2198,290125
2199,256074
2200,390781
2201,277659
2202,23009
2203,39469
2204,138153
2205,43409
2206,122563
2207,208360
2208,26348
2209,16849
2210,207424
2211,58504
2212,73994
2213,108427
2214,24754
2215,40066
2216,96157
2217,41816
2218,29254
2219,27199
2220,87317
2221,58290
2222,42387
2223,56494
2224,59934
2225,37510
2226,31981
2227,38735
2228,29269
2229,18429
2230,37807
2231,44783
2232,119162
2233,51879
2234,55178
2235,46722
2236,81234
2237,68466
2238,15107
2239,37808
2240,45077
2241,24589
2242,24604
2243,187583
2244,46978
2245,21909
2246,107287
2247,36597
2248,69417
2249,34904
2250,79180
2251,45614
2252,46706
2253,54884
2254,20758
2255,55983
2256,53362
2257,46603
2258,74730
2259,30527
2260,13669
2261,117835
2262,38156
2263,35464
2264,31155
2265,36511
2266,24792
2267,17734
2268,27356
2269,21082
2270,37667
2271,32047
2272,22503
2273,22719
2274,39543
2275,48085
2276,32493
2277,14463
2278,30461
2279,28219
2280,23129
2281,17794
2282,51202
2283,41944
2284,29644
2285,34189
2286,145666
2287,78398
2288,69623
2289,64158
2290,37067
2291,87030
2292,94101
2293,91528
2294,84697
2295,85234
2296,11223
2297,18408
2298,12829
2299,80806
2300,60933
2301,657768
2302,225820
2303,28457
2304,34308
2305,353410
2306,183797
2307,125945
2308,113283
2309,72565
2310,96285
2311,45405
2312,62468
2313,222252
2314,144517
2315,12432
2316,362997
2317,892963
2318,206430
2319,441894
2320,600634
2321,892790
2322,304424
2323,297729
2324,517406
2325,102393
2326,259076
2327,692445
2328,527982
2329,791489
2330,932074
2331,93169
2332,875066
2333,863117
2334,253330
2335,505688
2336,885183
2337,109658
2338,1155891
2339,234964
2340,172943
2341,176597
2342,794122
2343,176330
2344,859275
2345,541827
2346,301011
2347,3622282
2348,3243437
2349,110513
2350,820438
2351,975498
2352,215633
2353,314873
2354,73340
2355,289456
2356,873967
2357,306290
2358,21999
2359,245706
2360,231110
2361,757477
2362,423418
2363,16156
2364,406984
2365,865138
2366,859176
2367,590118
2368,1025632
2369,294754
2370,186888
2371,561531
2372,193740
2373,569398
2374,614620
2375,648373
2376,327168
2377,488347
2378,130588
2379,475941
2380,466482
2381,371220
2382,567700
2383,501816
2384,829771
2385,118190
2386,80125
2387,29738
2388,57608
2389,285372
2390,110581
2391,79493
2392,142100
2393,702259
2394,473857
2395,17721
2396,461915
2397,441565
2398,39367
2399,208807
2400,93921
2401,125498
2402,172649
2403,109504
2404,191471
2405,194505
2406,294630
2407,158654
2408,386087
2409,108390
2410,111902
2411,100684
2412,154052
2413,535614
2414,31378
2415,50719
2416,118713
2417,48263
2418,42586
2419,26825
2420,256430
2421,90403
2422,121204
2423,96052
2424,44832
2425,61836
2426,35627
2427,357022
2428,91087
2429,61161
2430,55500
2431,62988
2432,91255
2433,53686
2434,462045
2435,235645
2436,53682
2437,62026
2438,425059
2439,154778
2440,175895
2441,230569
2442,133158
2443,95035
2444,168329
2445,194833
2446,17712
2447,72720
2448,1666973
2449,1163085
2450,144792
2451,12292
2452,27648
2453,41472
2454,50277
2455,50419
2456,39476
2457,39476
2458,39618
2459,14806
2460,11752
2461,12597
2462,14405
2463,14405
2464,17037
2465,12215
2466,10869
2467,50287
2468,39485
2469,20939
2470,20939
2471,11982
2472,4303664
2473,8155424
2474,6876277
2475,28402
2476,24956
2477,3613234
2478,16340
2479,14743
2480,11483
2481,104487
2482,3732024
2483,5566367
2484,15364
2485,55815
2486,34211
2487,5514313
2488,175116
2489,144507
2490,790372
2491,79608
2492,18794
2493,266606
2494,18796
2495,266536
2496,18855
2497,266345
2498,18655
2499,266514
2500,1144663
2501,3603321
2502,1144447
2503,3608635
2504,688932
2505,1950197
2506,83536
2507,82717
2508,18576
2509,160803
2510,205310
2511,20668
2512,11588
2513,15688
2514,11258
2515,10875
2516,10402
2517,11259
2518,10188
2519,17214
2520,13074
2521,17517
2522,14637
2523,14595
2524,19290
2525,14334
2526,15508
2527,17449
2528,23533
2529,25152
2530,25158
2531,22944
2532,22927
2533,20128
2534,20215
2535,20741
2536,22761
2537,22811
2538,26516
2539,11889
2540,10665
2541,11013
2542,17436
2543,21163
2544,278986
2545,44316
2546,280130
2547,11147
2548,18228
2549,22591
2550,22370
2551,26892
2552,22206
2553,23417
2554,29265
2555,10380
2556,10290
2557,19206
2558,18074
2559,15477
2560,27284
2561,26428
2562,17457
2563,17339
2564,17527
2565,16791
2566,21792
2567,358036
2568,353668
2569,352756
2570,355188
2571,707252
2572,2268968
2573,2273844
2574,1118288
2575,15011
2576,38229
2577,11100963
2578,60510
2579,60642
2580,37881
2581,108901
2582,51194
2583,138803
2584,57401
2585,43293
2586,24525
2587,122780
2588,46152
2589,21954
2590,18383
2591,31340
2592,20365
2593,18663
2594,86010
2595,87076
2596,15690
2597,13561
2598,11313
2599,10636
2600,54276
2601,15364
2602,26737
2603,13873
2604,11324
2605,32433
2606,22016
2607,13182
2608,14016
2609,18520
2610,16465
2611,24809
2612,41163
2613,24465
2614,23653
2615,31014
2616,34851
2617,25536
2618,13581
2619,16222
2620,10019
2621,24065
2622,16691
2623,53753
2624,10403
2625,22319
2626,78013
2627,19020
2628,14784
2629,36984
2630,49689
2631,10617
2632,838041
2633,11120
2634,17946
2635,43680
2636,40023
2637,24492
2638,4214210
2639,22943
2640,10278
2641,14192
2642,2780459
2643,10093
2644,14046
2645,194786
2646,265763
2647,318033
2648,801084
2649,252974
2650,443970
2651,29222
2652,41857
2653,41932
2654,31902
2655,21088
2656,21048
2657,21113
2658,19969
2659,21170
2660,21059
2661,22819
2662,91131
2663,90877
2664,21518
2665,22554
2666,22287
2667,21665
2668,59596
2669,22887
2670,22208
2671,23360
2672,23360
2673,182059
2674,37470
2675,137460
2676,28818
2677,19863
2678,23825
2679,555301
2680,18779
2681,145664
2682,21502
2683,20847
2684,20419
2685,19323
2686,30324
2687,16353
2688,38979
2689,12961
2690,30822
2691,11684
2692,90621
2693,98497
2694,36368
2695,246342
2696,14432
2697,11621
2698,18363
2699,15826
2700,20653
2701,54632
2702,12271
2703,39970
2704,13186
2705,17487
2706,11974
2707,20426
2708,14986
2709,20238
2710,14385
2711,80175
2712,51783
2713,32228
2714,83570
2715,12167
2716,11356
2717,451606
2718,22300
2719,39057
2720,39057
2721,16156
2722,16562
2723,10878
2724,15619
2725,20840
2726,11624
2727,16601
2728,13056
2729,21358
2730,15329
2731,17688
2732,10374
2733,63080
2734,63832
2735,22016
2736,13182
2737,14016
2738,18520
2739,16465
2740,24809
2741,41163
2742,24465
2743,23653
2744,31014
2745,34851
2746,25536
2747,13581
2748,16222
2749,10019
2750,24065
2751,16691
2752,53753
2753,10403
2754,22319
2755,78013
2756,19020
2757,14784
2758,36984
2759,49689
2760,10617
2761,11324
2762,21069
2763,202337
2764,156477
2765,901462
2766,167947
2767,362237
2768,28160
2769,4151541
2770,22528
2771,155799
2772,4977604
2773,390524
2774,19109
2775,11334
2776,95528
2777,533542
2778,436141
2779,78175
2780,84519
2781,243353
2782,196922
2783,233327
2784,79688
2785,18944
2786,102823
2787,12081
2788,278041
2789,218002
2790,477193
2791,182001
2792,67914
2793,18120
2794,21647
2795,14113
2796,11053
2797,19395401
2798,25185971
2799,13299152
2800,19883837
2801,18242013
2802,369168
2803,16762
2804,120317
2805,71891
2806,70295
2807,80661
2808,79270
2809,81518
2810,60596
2811,62664
2812,119103
2813,119970
2814,117767
2815,83755
2816,89440
2817,36174
2818,22240
2819,554762
2820,647949
2821,324641
2822,505307
2823,529095
2824,312256
2825,25754
2826,88990
2827,28416
2828,41690
2829,39585
2830,15364
2831,637649
2832,13219
2833,15658
2834,958174
2835,43584
2836,21731
2837,287758
2838,287758
2839,81148
2840,294893
2841,11631
2842,28160
2843,149353
2844,45579
2845,15412
2846,15414
2847,15416
2848,15414
2849,15414
2850,15396
2851,15388
2852,15388
2853,15388
2854,15414
2855,15412
2856,15412
2857,15416
2858,15416
2859,15416
2860,15416
2861,898984
2862,995053
2863,49246
2864,15416
2865,49246
2866,15416
2867,12644
2868,48072
2869,49246
2870,48086
2871,21644
2872,186561
2873,162189
2874,158870
2875,162145
2876,17816
2877,898984
2878,70358
2879,46334
2880,52082
2881,52156
2882,49101
2883,55034
2884,164029
2885,15326
2886,183975
2887,329297
2888,442206
2889,145623
2890,1861265
2891,28478
2892,46523
2893,287200
2894,626138
2895,191225
2896,765381
2897,1405711
2898,15364
2899,52654
2900,30046
2901,15360
2902,255712
2903,38400
2904,15872
2905,13326
2906,15094
2907,15094
2908,12000
2909,12884
2910,52736
2911,3849371
2912,72693
2913,102323
2914,209020
2915,6905416
2916,59465
2917,3453362
2918,74137
2919,513487
2920,705621
2921,277637
2922,278866
2923,65399
2924,57358
2925,194613
2926,1931424
2927,226303
2928,228646
2929,376346
2930,148393
2931,1145328
2932,303384
2933,58190
2934,156644
2935,174456
2936,74539
2937,367891
2938,577603
2939,97362
2940,122708
2941,15364
2942,125812
2943,61635
2944,6313439
2945,109061
2946,23777
2947,110019
2948,226618
2949,140218
2950,1655640
2951,1703519
2952,38538
2953,238134
2954,152893
2955,38079
2956,210969
2957,33261
2958,153535
2959,199020
2960,50607
2961,22509
2962,52889
2963,80842
2964,2096792
2965,22016
2966,94331
2967,19700
2968,720873
2969,18912194
2970,884252
2971,1149368
2972,35116892
2973,431726
2974,12292
2975,212933
2976,12075
2977,55724
2978,21508
2979,30284
2980,213750
2981,68622
2982,86952
2983,1074624
2984,108122
2985,116343
2986,12646252
2987,7591443
2988,10609
2989,12984990
2990,7833466
2991,824907
2992,1074624
2993,34278
2994,34264
2995,29832
2996,27254
2997,21062
2998,31017
2999,120172
3000,27254
3001,31017
3002,119928
3003,14399
3004,17074
3005,11571388
3006,1111060
3007,5387793
3008,26628
3009,519990
3010,15872
3011,23552
3012,2307072
3013,2628096
3014,1200507
3015,37873
3016,272592
3017,73403
3018,2430976
3019,1263616
3020,1811456
3021,2468864
3022,2824840
3023,149363
3024,40766
3025,13976
3026,13710
3027,38074
3028,36448
3029,23438
3030,36751
3031,107520
3032,220372
3033,562688
3034,205341
3035,110414
3036,680917
3037,971926
3038,384236
3039,17747
3040,18865
3041,24901
3042,1328602
3043,1526695
3044,2661782
3045,2239700
3046,5521274
3047,886784
3048,1136128
3049,1042944
3050,691712
3051,19365
3052,87811
3053,87811
3054,141307
3055,14571
3056,59465
3057,78080
3058,78073
3059,14109
3060,28700
3061,18798
3062,87818
3063,87811
3064,17119
3065,241111
3066,482720
3067,141165
3068,13896
3069,59307
3070,77490
3071,78073
3072,27134
3073,27294
3074,21927
3075,43520
3076,41974
3077,13937
3078,21693
3079,1069642
3080,21968
3081,13252
3082,16576
3083,21718
3084,19895
3085,1870122
3086,1451334
3087,1451317
3088,19903
3089,12883
3090,14410
3091,16326
3092,18836
3093,14271
3094,39796
3095,12145
3096,11716
3097,61935
3098,38532
3099,32883
3100,13468
3101,16186
3102,11477
3103,10225
3104,43897
3105,16997
3106,12158
3107,38173
3108,11353
3109,12845
3110,12653
3111,13791
3112,13146
3113,24832
3114,19830
3115,12888
3116,15997
3117,36043
3118,41354
3119,48400
3120,19990
3121,45796
3122,38648
3123,14037
3124,57426
3125,13416
3126,57311
3127,11114
3128,11207
3129,15937
3130,10826
3131,13202
3132,12208
3133,12999
3134,35306
3135,11128
3136,24582
3137,45684
3138,11112
3139,10578
3140,52607
3141,21553
3142,11558
3143,13830
3144,11692
3145,10158
3146,31511
3147,15646
3148,11132
3149,41910
3150,24150
3151,11036
3152,12082
3153,19490
3154,12106
3155,13760
3156,14476
3157,14539
3158,13823
3159,49954
3160,53570
3161,16358
3162,10669
3163,15113
3164,50558
3165,34075
3166,18024
3167,10278
3168,23734
3169,14115
3170,14948
3171,50433
3172,13549
3173,25225
3174,13369
3175,11693
3176,16417
3177,40774
3178,11462
3179,48955
3180,15256
3181,44411
3182,37334
3183,16449
3184,16480
3185,53157
3186,14810
3187,11200
3188,11322
3189,10745
3190,13432
3191,40099
3192,43569
3193,40605
3194,24107
3195,47838
3196,47092
3197,13481
3198,39458
3199,40616
3200,14841
3201,10871
3202,10314
3203,10233
3204,14162
3205,13394
3206,42268
3207,13482
3208,16035
3209,12990
3210,12294
3211,41661
3212,12317
3213,12927
3214,12410
3215,42747
3216,13349
3217,43818
3218,50746
3219,48473
3220,48204
3221,13833
3222,43302
3223,38212
3224,11770
3225,12863
3226,15312
3227,15397
3228,31611
3229,10419
3230,38412
3231,44959
3232,11965
3233,41564
3234,26706
3235,12205
3236,12325
3237,33898
3238,12272
3239,13318
3240,13268
3241,10782
3242,10428
3243,38179
3244,16301
3245,13361
3246,47929
3247,42471
3248,10068
3249,53476
3250,10258
3251,10905
3252,10794
3253,12417
3254,11103
3255,38366
3256,41762
3257,49965
3258,13587
3259,11696
3260,10202
3261,14775
3262,39071
3263,11702
3264,10668
3265,46647
3266,43427
3267,14019
3268,18589
3269,35680
3270,10676
3271,11376
3272,35227
3273,23598
3274,10038
3275,12855
3276,11347
3277,43718
3278,43681
3279,40161
3280,46336
3281,30927
3282,27522
3283,46080
3284,36335
3285,42036
3286,28779
3287,27861
3288,35234
3289,87270
3290,48297
3291,38281
3292,37268
3293,42271
3294,48633
3295,42060
3296,32169
3297,49598
3298,34646
3299,37334
3300,100196
3301,21383
3302,136074
3303,149986
3304,35299
3305,34622
3306,34130
3307,40448
3308,15360
3309,52303
3310,49844
3311,51850
3312,55257
3313,51443
3314,15364
3315,620618
3316,11416
3317,10069
3318,13628
3319,50715
3320,11469
3321,10274
3322,23887
3323,17037
3324,54830
3325,18333
3326,68121
3327,28590
3328,29708
3329,51139
3330,47824
3331,44554
3332,45215
3333,55625
3334,23939
3335,759996
3336,274839
3337,1305600
3338,220644
3339,223294
3340,142429
3341,251904
3342,338456
3343,10430708
3344,9471218
3345,167466
3346,255488
3347,239520
3348,239354
3349,190285
3350,273572
3351,299163
3352,173846
3353,261704
3354,283838
3355,314856
3356,359650
3357,220089
3358,307655
3359,21153
3360,12292
3361,29846
3362,29233
3363,10501
3364,54075
3365,20075
3366,10110
3367,19983
3368,45539
3369,39361
3370,18746
3371,30903
3372,38986
3373,18389
3374,126132
3375,239520
3376,239354
3377,190285
3378,273572
3379,299163
3380,173846
3381,261704
3382,283838
3383,314856
3384,359650
3385,220089
3386,307655
3387,52734
3388,15364
3389,29591
3390,29769
3391,453279
3392,20323
3393,20326
3394,73444
3395,73445
3396,126049
3397,126140
3398,113821
3399,113821
3400,13785
3401,13785
3402,58477
3403,58487
3404,73773
3405,73784
3406,983040
3407,10102
3408,10165
3409,20323
3410,20326
3411,88969
3412,89994
3413,135910
3414,137904
3415,120674
3416,122120
3417,15292
3418,15408
3419,60049
3420,60517
3421,75482
3422,76551
3423,856576
3424,21378
3425,22709
3426,14910
3427,12718
3428,16720
3429,15869
3430,13976
3431,36448
3432,19337
3433,52734
3434,136074
3435,149986
3436,114028
3437,35299
3438,34622
3439,53882
3440,40448
3441,11813
3442,10105
3443,17037
3444,25282
3445,15364
3446,55625
3447,100171
3448,11888
3449,20075
3450,26279
3451,27775
3452,13079
3453,26140
3454,26531
3455,23758
3456,10501
3457,199575
3458,18040
3459,31325
3460,11935
3461,50427
3462,15107
3463,18865
3464,21813
3465,52562
3466,12382
3467,13272
3468,17810
3469,14073
3470,11009
3471,16117
3472,14823
3473,12291
3474,13783
3475,15272
3476,16651
3477,12395
3478,28446
3479,12278
3480,15014
3481,11270
3482,13540
3483,16218
3484,11902
3485,11135
3486,16575
3487,17010
3488,13058
3489,17053
3490,14420
3491,28512
3492,27289
3493,17630
3494,14812
3495,40146
3496,14833
3497,28731
3498,14541
3499,14592
3500,28293
3501,17217
3502,16813
3503,15777
3504,38098
3505,17930
3506,14861
3507,12611
3508,13552
3509,14524
3510,31779
3511,13798
3512,35664
3513,30715
3514,11473
3515,14153
3516,15968
3517,11370
3518,14905
3519,18798
3520,10997
3521,14282
3522,24459
3523,15777
3524,13992
3525,12790
3526,32737
3527,14925
3528,14887
3529,12092
3530,16344
3531,15595
3532,15111
3533,13366
3534,18356
3535,15459
3536,15678
3537,12939
3538,14368
3539,17062
3540,11358
3541,13846
3542,10701
3543,38882
3544,13948
3545,16225
3546,32966
3547,12512
3548,18241
3549,10433
3550,38786
3551,11553
3552,11895
3553,13518
3554,15524
3555,12942
3556,13313
3557,29690
3558,17619
3559,13892
3560,14422
3561,12180
3562,11249
3563,10269
3564,14340
3565,13045
3566,17387
3567,51939
3568,11194
3569,15198
3570,13653
3571,18248
3572,31325
3573,10973
3574,18450
3575,13025
3576,16157
3577,11361
3578,19356
3579,22572
3580,19040
3581,16191
3582,13529
3583,13420
3584,15190
3585,14551
3586,19014
3587,11464
3588,12646
3589,13659
3590,16583
3591,17281
3592,53118
3593,12810
3594,11784
3595,14063
3596,13360
3597,14143
3598,15022
3599,12058
3600,12919
3601,15589
3602,10807
3603,12557
3604,15082
3605,16867
3606,11224
3607,15402
3608,30748
3609,12302
3610,16045
3611,12210
3612,14158
3613,11466
3614,38940
3615,13501
3616,12001
3617,17868
3618,11265
3619,32120
3620,10109
3621,12016
3622,14257
3623,14185
3624,10778
3625,13857
3626,15076
3627,10845
3628,12840
3629,16969
3630,13594
3631,11175
3632,34301
3633,11547
3634,19446
3635,12711
3636,14629
3637,15174
3638,11526
3639,13968
3640,12253
3641,22980
3642,12158
3643,13403
3644,12373
3645,13886
3646,16073
3647,11818
3648,13583
3649,12154
3650,12092
3651,14664
3652,15055
3653,20057
3654,15855
3655,10477
3656,24896
3657,16243
3658,13740
3659,11946
3660,12717
3661,16274
3662,31413
3663,40726
3664,36743
3665,40901
3666,41774
3667,74143
3668,69949
3669,56934
3670,64309
3671,75662
3672,50982
3673,73261
3674,67306
3675,74305
3676,78888
3677,67618
3678,66172
3679,63707
3680,63174
3681,52809
3682,51986
3683,89337
3684,52855
3685,88350
3686,75422
3687,74532
3688,55726
3689,84826
3690,55841
3691,65263
3692,83304
3693,77607
3694,67998
3695,76004
3696,76055
3697,61222
3698,88765
3699,64058
3700,73970
3701,65837
3702,49318
3703,67897
3704,56959
3705,59907
3706,77082
3707,70275
3708,85295
3709,47879
3710,55847
3711,67836
3712,67179
3713,72637
3714,77892
3715,63152
3716,75048
3717,76768
3718,63663
3719,52961
3720,58025
3721,47560
3722,54985
3723,66084
3724,62481
3725,61630
3726,61835
3727,52505
3728,74716
3729,62670
3730,62876
3731,65259
3732,60102
3733,77466
3734,88465
3735,59971
3736,78208
3737,79800
3738,61986
3739,49174
3740,62196
3741,53157
3742,50912
3743,44493
3744,66833
3745,55143
3746,60452
3747,63737
3748,79146
3749,72223
3750,63426
3751,53589
3752,52345
3753,48487
3754,55914
3755,83922
3756,60387
3757,56507
3758,57670
3759,58622
3760,72612
3761,52259
3762,67491
3763,59263
3764,61770
3765,50495
3766,71641
3767,79365
3768,53379
3769,82044
3770,67995
3771,78470
3772,58622
3773,63898
3774,79513
3775,74443
3776,59345
3777,65808
3778,73666
3779,74475
3780,79254
3781,92879
3782,71357
3783,72900
3784,69058
3785,58072
3786,61931
3787,40018
3788,79639
3789,58845
3790,70206
3791,68388
3792,54697
3793,63316
3794,58260
3795,69081
3796,61621
3797,68208
3798,65575
3799,58433
3800,82202
3801,68944
3802,77001
3803,72640
3804,67601
3805,66199
3806,63223
3807,73337
3808,64690
3809,53681
3810,61919
3811,66473
3812,70423
3813,66808
3814,57288
3815,59814
3816,45426
3817,83406
3818,77230
3819,66339
3820,80284
3821,58122
3822,61056
3823,89310
3824,79829
3825,79631
3826,71849
3827,63306
3828,74650
3829,78838
3830,80400
3831,48204
3832,42391
3833,54480
3834,70606
3835,67926
3836,59256
3837,56940
3838,75538
3839,62069
3840,71987
3841,60789
3842,45950
3843,65140
3844,55758
3845,51395
3846,59577
3847,82932
3848,89385
3849,73610
3850,70777
3851,54639
3852,56539
3853,74640
3854,61975
3855,77638
3856,45650
3857,64657
3858,57991
3859,53653
3860,54144
3861,58657
3862,44648
3863,72224
3864,57285
3865,67823
3866,26486
3867,27559
3868,19666
3869,19278
3870,21851
3871,22291
3872,28100
3873,25828
3874,25968
3875,25551
3876,26273
3877,19181
3878,21683
3879,21243
3880,19943
3881,19694
3882,19833
3883,30111
3884,21362
3885,23152
3886,15896
3887,24818
3888,21719
3889,19439
3890,24403
3891,69611
3892,59652
3893,67410
3894,53547
3895,52425
3896,54779
3897,46047
3898,71851
3899,62210
3900,70718
3901,83860
3902,60644
3903,78512
3904,66248
3905,67508
3906,56611
3907,42482
3908,54493
3909,49055
3910,67268
3911,67368
3912,80832
3913,64917
3914,80951
3915,71482
3916,51763
3917,66910
3918,72481
3919,74121
3920,54644
3921,46537
3922,57836
3923,53277
3924,54374
3925,55084
3926,53906
3927,49289
3928,60364
3929,53146
3930,62396
3931,58181
3932,78206
3933,58313
3934,54530
3935,60716
3936,56487
3937,65607
3938,58206
3939,57306
3940,62064
3941,56050
3942,52807
3943,60251
3944,69400
3945,56676
3946,60235
3947,51482
3948,49981
3949,52629
3950,59977
3951,56052
3952,71534
3953,56676
3954,75664
3955,65087
3956,68211
3957,78087
3958,59977
3959,56052
3960,71534
3961,73897
3962,72831
3963,69043
3964,42164
3965,46331
3966,40094
3967,41968
3968,40666
3969,57570
3970,70754
3971,50290
3972,62827
3973,69577
3974,63617
3975,72823
3976,73227
3977,67860
3978,79237
3979,72233
3980,63513
3981,72948
3982,61703
3983,66020
3984,53715
3985,77278
3986,56927
3987,73227
3988,67860
3989,79237
3990,72233
3991,63513
3992,72948
3993,61703
3994,66020
3995,53715
3996,77278
3997,56927
3998,59333
3999,71940
4000,55007
4001,49724
4002,51368
4003,61891
4004,57652
4005,68688
4006,85936
4007,74279
4008,87074
4009,85621
4010,62658
4011,59333
4012,71940
4013,55007
4014,49724
4015,51368
4016,61891
4017,57652
4018,68688
4019,85936
4020,74279
4021,87074
4022,85621
4023,62658
4024,57533
4025,76960
4026,82092
4027,71831
4028,48093
4029,50507
4030,54590
4031,75819
4032,55395
4033,66251
4034,58989
4035,60582
4036,57533
4037,76960
4038,82092
4039,71831
4040,48093
4041,50507
4042,54590
4043,75819
4044,55395
4045,66251
4046,58989
4047,60582
4048,77079
4049,75608
4050,86228
4051,44001
4052,47592
4053,50414
4054,76839
4055,85442
4056,79141
4057,82291
4058,77079
4059,75608
4060,86228
4061,44001
4062,47592
4063,50414
4064,76839
4065,85442
4066,79141
4067,82291
4068,73227
4069,67860
4070,79237
4071,72233
4072,63513
4073,72948
4074,61703
4075,66020
4076,53715
4077,77278
4078,56927
4079,82092
4080,71831
4081,48093
4082,50507
4083,54590
4084,75819
4085,55395
4086,66251
4087,58989
4088,60582
4089,57533
4090,76960
4091,59333
4092,71940
4093,55007
4094,49724
4095,51368
4096,61891
4097,57652
4098,68688
4099,85936
4100,74279
4101,87074
4102,85621
4103,62658
4104,77079
4105,75608
4106,86228
4107,44001
4108,47592
4109,50414
4110,76839
4111,85442
4112,79141
4113,82291
4114,2026895
4115,2026895
4116,12292
4117,34858
4118,61943
4119,30741093
4120,31539841
4121,204288
4122,24265137
4123,1451317
4124,21378
4125,14910
4126,12549
4127,16720
4128,15869
4129,13976
4130,36448
4131,19326
4132,52734
4133,136074
4134,149986
4135,114028
4136,35299
4137,34622
4138,53882
4139,40448
4140,11813
4141,10105
4142,17037
4143,25282
4144,15364
4145,55625
4146,100171
4147,11888
4148,20075
4149,27775
4150,24818
4151,13079
4152,26531
4153,23758
4154,12292
4155,11120
4156,10016
4157,32156
4158,165923
4159,54092
4160,213386
4161,144889
4162,101481
4163,213205
4164,167028
4165,98929
4166,76759
4167,121145
4168,158492
4169,115810
4170,74780
4171,184740
4172,134374
4173,34928
4174,60291
4175,56351
4176,47355
4177,47488
4178,53015
4179,52004
4180,48322
4181,48350
4182,22165
4183,29555
4184,43592
4185,35799
4186,69919
4187,39996
4188,59774
4189,66239
4190,35787
4191,130107
4192,54019
4193,89719
4194,104562
4195,184180
4196,113981
4197,194790
4198,154847
4199,77658
4200,47835
4201,54941
4202,38433
4203,30183
4204,63370
4205,42496
4206,91229
4207,100894
4208,57197
4209,51159
4210,76584
4211,52224
4212,133825
4213,122520
4214,112996
4215,48117
4216,152631
4217,140401
4218,10226
4219,63509
4220,83787
4221,77492
4222,128477
4223,27481
4224,191120
4225,48249
4226,140203
4227,140708
4228,50330
4229,156638
4230,100864
4231,106339
4232,62384
4233,159461
4234,120683
4235,123081
4236,111533
4237,111817
4238,124334
4239,33024
4240,44652
4241,41807
4242,34816
4243,10195
4244,88000
4245,231017
4246,218475
4247,120241
4248,278623
4249,57856
4250,49731
4251,209105
4252,134676
4253,69816
4254,215185
4255,11103
4256,119496
4257,55235
4258,82427
4259,91128
4260,91675
4261,37596
4262,56884
4263,203313
4264,39612
4265,208699
4266,172659
4267,36849
4268,171870
4269,88064
4270,72685
4271,73955
4272,94877
4273,47848
4274,170715
4275,98575
4276,156908
4277,123373
4278,101378
4279,88047
4280,87931
4281,72237
4282,119565
4283,10329
4284,100438
4285,203453
4286,70869
4287,147459
4288,179464
4289,194351
4290,220121
4291,68388
4292,211504
4293,100115
4294,112128
4295,80270
4296,165270
4297,42812
4298,121316
4299,146578
4300,113992
4301,168756
4302,45085
4303,122662
4304,61764
4305,103715
4306,109811
4307,85579
4308,10285
4309,135600
4310,79965
4311,64339
4312,107778
4313,191389
4314,192706
4315,151972
4316,100349
4317,115943
4318,77965
4319,123904
4320,102916
4321,74965
4322,37334
4323,85851
4324,174010
4325,129138
4326,114806
4327,64982
4328,90900
4329,66019
4330,404998
4331,188307
4332,226556
4333,160013
4334,309855
4335,300379
4336,173819
4337,235522
4338,463366
4339,305739
4340,11355
4341,10516
4342,10374
4343,11097
4344,22016
4345,340768
4346,120685
4347,209137
4348,66398
4349,259083
4350,264772
4351,155749
4352,136523
4353,299554
4354,218345
4355,221807
4356,265983
4357,152418
4358,254624
4359,171019
4360,397084
4361,328277
4362,221143
4363,145388
4364,304051
4365,10984
4366,10853
4367,10624
4368,205425
4369,214958
4370,111693
4371,228703
4372,70523
4373,308712
4374,275660
4375,168083
4376,145388
4377,253046
4378,228810
4379,212224
4380,262657
4381,194153
4382,307622
4383,300138
4384,216011
4385,316926
4386,370743
4387,328098
4388,10348
4389,11139
4390,11218
4391,10362
4392,10267
4393,84992
4394,119734
4395,107732
4396,193434
4397,124558
4398,271134
4399,232171
4400,187423
4401,220407
4402,274200
4403,298954
4404,44484
4405,232919
4406,115146
4407,65024
4408,124357
4409,155044
4410,109439
4411,10082
4412,112324
4413,187936
4414,86716
4415,99527
4416,208753
4417,196699
4418,246029
4419,228331
4420,143154
4421,107069
4422,116382
4423,185483
4424,245130
4425,93696
4426,10591
4427,10401
4428,10960
4429,10704
4430,347588
4431,101045
4432,71054
4433,75491
4434,141397
4435,107981
4436,192589
4437,172387
4438,111546
4439,83082
4440,70844
4441,156874
4442,183066
4443,263053
4444,270595
4445,190616
4446,32170
4447,36902
4448,23031
4449,22694
4450,15763
4451,22693
4452,12952
4453,20997
4454,18858
4455,13976
4456,36448
4457,19337
4458,52734
4459,136074
4460,149986
4461,114028
4462,35299
4463,34622
4464,53882
4465,40448
4466,76187
4467,46392
4468,17037
4469,28653
4470,55625
4471,38986
4472,100171
4473,72994
4474,11888
4475,20075
4476,18389
4477,126132
4478,29173
4479,19335
4480,28245
4481,13079
4482,26140
4483,23758
4484,10501
4485,22974
4486,20160
4487,15541
4488,18308
4489,12718
4490,12696
4491,16718
4492,11230
4493,15869
4494,13976
4495,36448
4496,19337
4497,52734
4498,136074
4499,149986
4500,114028
4501,35299
4502,34622
4503,53882
4504,40448
4505,76187
4506,46392
4507,11813
4508,10105
4509,17037
4510,25282
4511,15364
4512,55625
4513,38986
4514,100171
4515,72994
4516,11888
4517,20075
4518,18389
4519,126132
4520,26375
4521,19335
4522,26353
4523,11900
4524,13079
4525,26140
4526,26531
4527,23758
4528,10501
4529,50763
4530,299163
4531,52734
4532,136074
4533,149986
4534,114028
4535,35299
4536,34622
4537,53882
4538,40448
4539,53437
4540,55181
4541,76611
4542,90937
4543,60906
4544,76326
4545,11813
4546,10105
4547,17037
4548,25282
4549,15364
4550,55625
4551,100171
4552,11888
4553,20075
4554,30645
4555,13079
4556,26140
4557,26531
4558,23758
4559,17316
4560,10501
4561,21378
4562,20160
4563,14910
4564,18308
4565,12718
4566,12718
4567,16720
4568,11230
4569,15869
4570,13976
4571,36448
4572,19337
4573,52734
4574,136074
4575,149986
4576,114028
4577,35299
4578,34622
4579,53882
4580,40448
4581,76187
4582,46392
4583,11813
4584,10105
4585,17037
4586,25282
4587,15364
4588,55625
4589,38986
4590,100171
4591,72994
4592,11888
4593,20075
4594,18389
4595,126132
4596,26375
4597,19335
4598,26353
4599,11900
4600,13079
4601,26140
4602,26531
4603,23758
4604,10501
4605,21378
4606,20160
4607,14910
4608,18308
4609,12718
4610,12718
4611,16720
4612,11230
4613,15869
4614,13976
4615,36448
4616,19337
4617,52734
4618,136074
4619,149986
4620,114028
4621,35299
4622,34622
4623,53882
4624,40448
4625,76187
4626,46392
4627,11813
4628,10105
4629,17037
4630,25282
4631,15364
4632,55625
4633,38986
4634,100171
4635,72994
4636,11888
4637,20075
4638,18389
4639,126132
4640,26375
4641,19335
4642,26353
4643,11900
4644,13079
4645,26140
4646,26531
4647,23758
4648,10501
4649,11784
4650,12292
4651,1489463
4652,224126
4653,194203
4654,278816
4655,247939
4656,252023
4657,255525
4658,226802
4659,251193
4660,262632
4661,221823
4662,1804288
4663,1323405
4664,2027612
4665,445961
4666,203380
4667,612295
4668,101649
4669,28639
4670,47946
4671,24324
4672,14036
4673,21508
4674,43008
4675,11286
4676,46592
4677,10021
4678,67072
4679,13242
4680,25038445
4681,10504875
4682,10905296
4683,11333836
4684,8362458
4685,10762346
4686,11047024
4687,8778363
4688,10034012
4689,761154
4690,8191229
4691,1558826
4692,312320
4693,27575
4694,239616
4695,27451
4696,4104444
4697,4054852
4698,75776
4699,46194
4700,1603866
4701,2725052
4702,314880
4703,25958
4704,324651
4705,45568
4706,157300
4707,29905
4708,986624
4709,61843
4710,976896
4711,59250
4712,1414216
4713,46407
4714,1035264
4715,129772
4716,46592
4717,10349
4718,121344
4719,46528
4720,119808
4721,46421
4722,550400
4723,58368
4724,802816
4725,2366407
4726,20992
4727,102912
4728,15266
4729,32256
4730,57856
4731,44544
4732,10905
4733,498688
4734,51330
4735,360448
4736,51481
4737,24429
4738,24429
4739,25071
4740,9587040
4741,7502868
4742,9347526
4743,40960
4744,125952
4745,39132
4746,184320
4747,39518
4748,84480
4749,14976
4750,67584
4751,49152
4752,14987
4753,2767194
4754,2259560
4755,106496
4756,50643
4757,10842
4758,466745
4759,139586
4760,4347550
4761,268800
4762,30168
4763,267264
4764,30063
4765,267264
4766,30137
4767,268800
4768,30151
4769,171520
4770,10403
4771,77824
4772,11810
4773,80384
4774,98172
4775,12876
4776,15418
4777,19498
4778,7492757
4779,9366842
4780,7595031
4781,9239678
4782,11127622
4783,11255748
4784,11257554
4785,12382028
4786,11453676
4787,10725804
4788,11371950
4789,9322366
4790,11871060
4791,10563124
4792,10457516
4793,11380606
4794,10491020
4795,11275082
4796,10835006
4797,11025542
4798,10822752
4799,10888108
4800,10881106
4801,10409660
4802,10421464
4803,4243958
4804,2901066
4805,490622
4806,10564262
4807,311808
4808,27300
4809,285184
4810,27536
4811,1916928
4812,177203
4813,44032
4814,10458
4815,2000384
4816,190362
4817,468480
4818,190678
4819,675840
4820,191729
4821,51200
4822,10553
4823,424960
4824,251148
4825,428032
4826,266062
4827,50688
4828,10520
4829,4201472
4830,255233
4831,5262848
4832,240270
4833,2067968
4834,27648
4835,10551
4836,2213888
4837,257915
4838,5233664
4839,7595400
4840,815616
4841,125848
4842,20992
4843,28160
4844,10546
4845,500736
4846,61911
4847,103936
4848,23989
4849,74240
4850,2963968
4851,118159
4852,388286
4853,10199
4854,1498211
4855,27318
4856,364860
4857,130743
4858,40332
4859,26811
4860,29128
4861,359698
4862,359690
4863,4822588
4864,96110
4865,124100
4866,174822
4867,92367
4868,364544
4869,130400
4870,409744
4871,65752
4872,25851
4873,27536
4874,51304
4875,51828
4876,719053
4877,316451
4878,28096
4879,26539
4880,23984
4881,38278
4882,12229
4883,46480
4884,39944
4885,960146
4886,73344
4887,941254
4888,64357
4889,40548
4890,931494
4891,59805
4892,67963
4893,113999
4894,32136
4895,10396
4896,18130
4897,20940
4898,27530
4899,26287
4900,11190
4901,107464
4902,2563584
4903,3194880
4904,495897
4905,3169792
4906,12292
4907,25371386
4908,26332286
4909,23818670
4910,1296128
4911,11176850
4912,14504874
4913,11408
4914,167448
4915,184320
4916,24830920
4917,13703
4918,240156
4919,26042264
4920,27781794
4921,27468632
4922,25748775
4923,25184273
4924,10979
4925,2076042
4926,30651
4927,19772
4928,15810
4929,12859
4930,160115
4931,124720
4932,132307
4933,7740838
4934,9588314
4935,7502868
4936,9351794
4937,9588292
4938,44762868
4939,117532
4940,157233
4941,56608
4942,119543
4943,85162
4944,134340
4945,135644
4946,86856
4947,85162
4948,7518432
4949,65484
4950,60539
4951,60988
4952,157233
4953,155957
4954,157328
4955,75428
4956,13248512
4957,944756
4958,27718684
4959,30353134
4960,28506216
4961,28359284
4962,360101
4963,180692
4964,91281
4965,110577
4966,2371624
4967,2370604
4968,109564
4969,101416
4970,77317
4971,3146267
4972,3244571
4973,1587492
4974,818558
4975,3146267
4976,9448140
4977,9447772
4978,9448824
4979,101061
4980,130299
4981,2371304
4982,126821
4983,3146267
4984,12595592
4985,1567834
4986,1090884
4987,737240
4988,1583596
4989,6303640
4990,139619
4991,154069
4992,2368432
4993,3146267
4994,2359835
4995,3244571
4996,3244571
4997,43418
4998,42358
4999,127135
5000,810296
5001,4770712
5002,3146267
5003,2359835
5004,2359835
5005,3146267
5006,9160504
5007,2443054
5008,51855
5009,72844
5010,69492
5011,2370756
5012,2371020
5013,2369824
5014,2370144
5015,2095502
5016,76958
5017,3240044
5018,3146267
5019,3146267
5020,2368636
5021,3146267
5022,3146267
5023,3146267
5024,3146267
5025,2369552
5026,29046
5027,144992
5028,490910
5029,17291705
5030,491256
5031,17775074
5032,86001
5033,141380
5034,46878
5035,71680
5036,17898
5037,27474
5038,38324
5039,58136
5040,18185
5041,26402
5042,41876
5043,126101
5044,704408
5045,346072
5046,28431260
5047,1117733
5048,1045093
5049,1136840
5050,1143004
5051,737113
5052,1156126
5053,779061
5054,1077975
5055,781506
5056,747503
5057,770831
5058,1041286
5059,1105367
5060,26624
5061,24576
5062,296960
5063,1921536
5064,1928192
5065,44032
5066,3987456
5067,84637
5068,80396
5069,76376
5070,99692
5071,106541
5072,813716
5073,55808
5074,72704
5075,86016
5076,89088
5077,89088
5078,88064
5079,88576
5080,75776
5081,48128
5082,53248
5083,40960
5084,813716
5085,56320
5086,75776
5087,142848
5088,143872
5089,125440
5090,137728
5091,148992
5092,125952
5093,127488
5094,61952
5095,10985
5096,113152
5097,38344
5098,122880
5099,39082
5100,121600
5101,10475331
5102,16539364
5103,17391428
5104,12382028
5105,7956220
5106,26693806
5107,2723662
5108,127826
5109,776266
5110,95299
5111,95517
5112,91833
5113,128731
5114,283776
5115,509440
5116,509568
5117,84992
5118,526848
5119,130179
5120,2051072
5121,14092
5122,245760
5123,29506
5124,258560
5125,29533
5126,166912
5127,29509
5128,280064
5129,29851
5130,248832
5131,29819
5132,266240
5133,29772
5134,208384
5135,29716
5136,268800
5137,29959
5138,268800
5139,29997
5140,60928
5141,10869
5142,32256
5143,63488
5144,11125
5145,68608
5146,11279
5147,72704
5148,11537
5149,72704
5150,11583
5151,37376
5152,76800
5153,11791
5154,73216
5155,11570
5156,67843
5157,67666
5158,63249
5159,42065
5160,491615
5161,27604
5162,53098
5163,37462
5164,18713
5165,71376
5166,56773
5167,222797
5168,233076
5169,28527
5170,2427790
5171,116520
5172,587667
5173,564113
5174,785178
5175,30797
5176,53098
5177,34763
5178,515286
5179,2568622
5180,419622
5181,2889774
5182,42030
5183,162419
5184,11563
5185,56660
5186,10943
5187,63307
5188,73529
5189,113664
5190,40960
5191,16775
5192,11577
5193,36864
5194,18293
5195,60928
5196,17674
5197,28672
5198,52247
5199,54264
5200,113664
5201,57344
5202,50401
5203,11577
5204,57344
5205,53022
5206,60928
5207,17674
5208,28672
5209,91109
5210,75469
5211,63523
5212,10576
5213,70053
5214,46197
5215,40085
5216,17648
5217,50871
5218,53794
5219,113664
5220,45056
5221,42699
5222,11577
5223,45056
5224,45180
5225,60928
5226,17674
5227,28672
5228,48284
5229,113664
5230,36864
5231,14724
5232,11577
5233,32768
5234,15328
5235,60928
5236,17674
5237,28672
5238,50157
5239,50268
5240,15345
5241,15706
5242,49152
5243,46659
5244,60928
5245,17674
5246,28672
5247,32768
5248,13516
5249,60928
5250,17674
5251,28672
5252,68416
5253,40960
5254,25428
5255,60928
5256,17674
5257,28672
5258,15049
5259,32768
5260,14109
5261,60928
5262,17674
5263,28672
5264,21567
5265,619008
5266,14731
5267,851968
5268,17380
5269,14908
5270,30728
5271,17380
5272,19521
5273,60928
5274,36864
5275,23792
5276,60928
5277,17674
5278,28672
5279,60416
5280,14910
5281,14908
5282,30728
5283,14910
5284,619008
5285,14743
5286,851968
5287,344545
5288,19521
5289,60928
5290,409617
5291,16887
5292,10563
5293,36921
5294,16887
5295,10563
5296,10914
5297,36423
5298,15364
5299,29592
5300,29584
5301,31548
5302,31564
5303,19946
5304,12086
5305,46609
5306,81602
5307,81578
5308,47267
5309,96065
5310,16876
5311,47267
5312,96065
5313,22565
5314,39649
5315,54876
5316,29592
5317,29584
5318,31548
5319,31564
5320,46609
5321,81578
5322,113664
5323,32768
5324,28160
5325,14644
5326,131072
5327,24912
5328,60928
5329,30720
5330,17844
5331,2162688
5332,14636
5333,92967
5334,14632
5335,60928
5336,162254
5337,60928
5338,17674
5339,28672
5340,528471
5341,785640
5342,50176
5343,53760
5344,1098752
5345,12334
5346,12344
5347,60928
5348,28672
5349,5447568
5350,171225
5351,189440
5352,135168
5353,122053
5354,86338
5355,123108
5356,42496
5357,136522
5358,714326
5359,189287
5360,80941
5361,201197
5362,80404
5363,94165
5364,25345
5365,117689
5366,102061
5367,70303
5368,370442
5369,211340
5370,106420
5371,51115
5372,881216
5373,655165
5374,368394
5375,669243
5376,118786955
5377,77312
5378,17920
5379,108692
5380,118238
5381,42496
5382,31232
5383,4871820
5384,5800433
5385,3208205
5386,457691
5387,114235
5388,530001
5389,66624
5390,83587
5391,50447
5392,10878455
5393,11448188
5394,11557182
5395,15364
5396,75675
5397,20992
5398,869261
5399,369642
5400,106334
5401,15036
5402,29696
5403,10394
5404,111485
5405,167863
5406,2288629
5407,1965559
5408,86847
5409,224207
5410,303331
5411,52618
5412,1859904
5413,86872
5414,1799982
5415,88094
5416,1744672
5417,63980
5418,2097250
5419,89256
5420,2056085
5421,98940
5422,2257335
5423,74497
5424,2592179
5425,133607
5426,2129328
5427,77082
5428,1675768
5429,76507
5430,1827276
5431,68172
5432,218279
5433,649777
5434,61632
5435,3366387
5436,146105
5437,4586830
5438,220433
5439,2463419
5440,65768
5441,753845
5442,359074
5443,23061
5444,43334
5445,53145
5446,117336
5447,120747
5448,19456
5449,346023
5450,330277
5451,352913
5452,52026
5453,2886077
5454,161712
5455,3232755
5456,130948
5457,2805004
5458,144668
5459,2530410
5460,69042
5461,3137538
5462,169620
5463,2424652
5464,58047
5465,3111139
5466,157525
5467,1962461
5468,93437
5469,931878
5470,602148
5471,10446511
5472,5728648
5473,86526
5474,76337
5475,13996
5476,13283
5477,72903
5478,2515554
5479,1979936
5480,7176115
5481,1941621
5482,27346
5483,1016077
5484,1208506
5485,578895
5486,33508
5487,16885
5488,213829
5489,602047
5490,619991
5491,6717781
5492,6830761
5493,406230
5494,410777
5495,1359144
5496,100319
5497,1311683
5498,421616
5499,118037
5500,162059
5501,399513
5502,2216481
5503,3871064
5504,147564
5505,169311
5506,1219555
5507,33022
5508,322736
5509,1527510
5510,3705455
5511,55689
5512,1045714
5513,192011
5514,43663
5515,24497
5516,167299
5517,15182
5518,27217
5519,15182
5520,45441
5521,19318
5522,10624
5523,107243
5524,47225
5525,114279
5526,66327
5527,115391
5528,140367
5529,14340
5530,43235
5531,130536
5532,34105880
5533,49379
5534,950089
5535,38043
5536,781842
5537,25396472
5538,28672
5539,9632197
5540,450946
5541,459464
5542,158938
5543,182362
5544,60447
5545,87771
5546,2606258
5547,46697
5548,265436
5549,2138259
5550,271623
5551,131306
5552,110325
5553,1575619
5554,265436
5555,48128
5556,337556
5557,102851
5558,93580
5559,73521
5560,142971
5561,10188052
5562,66620
5563,76307
5564,96145
5565,72121
5566,83145
5567,69578
5568,135792
5569,82316
5570,63505
5571,134394
5572,87709
5573,67050
5574,64784
5575,76948
5576,52568
5577,72781
5578,14184
5579,14457
5580,422965
5581,872502
5582,456566
5583,22111
5584,21198
5585,150619
5586,251102
5587,634092
5588,90085
5589,1091418
5590,76483
5591,1597900
5592,347763
5593,15376
5594,210049
5595,36038
5596,36038
5597,59392
5598,25084
5599,155010
5600,1324957
5601,23489
5602,26680
5603,126820
5604,62407
5605,68844
5606,58411
5607,497271
5608,114841
5609,29676
5610,54788
5611,14070
5612,36248
5613,12682
5614,25102
5615,114894
5616,21621
5617,14954
5618,38230
5619,32377
5620,11924
5621,173711
5622,54225
5623,138728
5624,497271
5625,283349
5626,18100
5627,161593
5628,24934
5629,17256
5630,21500
5631,64222
5632,10774
5633,221573
5634,10145
5635,509440
5636,633025
5637,143909
5638,10012
5639,161280
5640,38912
5641,38948
5642,90464
5643,42522
5644,84992
5645,25088
5646,65237
5647,2793528
5648,4257115
5649,29760
5650,16448
5651,268800
5652,12292
5653,85115
5654,259184
5655,87385
5656,268455
5657,96447
5658,270961
5659,96127
5660,272081
5661,4298667
5662,4256656
5663,4181697
5664,4218855
5665,4186802
5666,4301383
5667,313415
5668,962847
5669,23688
5670,26996
5671,12088
5672,24468
5673,19914
5674,853001
5675,23703
5676,25255
5677,182362
5678,22532
5679,93629
5680,45448
5681,98634
5682,719418
5683,54391
5684,3694266
5685,26340
5686,118272
5687,104151
5688,109897
5689,40795
5690,1121834
5691,517675
5692,21360
5693,34154
5694,71062
5695,495098
5696,89671
5697,132281
5698,74629
5699,81181
5700,64130
5701,63602
5702,14848
5703,12402
5704,438347
5705,36084
5706,31747
5707,20992
5708,71426
5709,95508
5710,25103
5711,88235
5712,54223
5713,143970
5714,118272
5715,4789307
5716,3663056
5717,3354603
5718,3539750
5719,3539767
5720,3540104
5721,3540091
5722,13135921
5723,4226754
5724,7946256
5725,1129723
5726,1108657
5727,30208
5728,83408
5729,168794
5730,20992
5731,49065
5732,76303
5733,82004
5734,688729
5735,1914767
5736,992405
5737,7919854
5738,4858580
5739,7472865
5740,41886
5741,40243
5742,34095
5743,101185
5744,1079762
5745,6031596
5746,3653080
5747,3952199
5748,3191129
5749,6949311
5750,248401
5751,37146
5752,31296
5753,33562
5754,34945
5755,76385
5756,4605516
5757,6559993
5758,9978151
5759,13144713
5760,9935615
5761,10644581
5762,8495557
5763,7847763
5764,7294329
5765,7748352
5766,8233504
5767,5752638
5768,6637284
5769,4152523
5770,37285
5771,46502
5772,36505
5773,62591
5774,47556
5775,36134
5776,47503
5777,33060
5778,49050
5779,48951
5780,35772
5781,33350
5782,103486
5783,258270
5784,175133
5785,190269
5786,176155
5787,302668
5788,195651
5789,94263
5790,170867
5791,136862
5792,85092
5793,107762
5794,90396
5795,48789
5796,15364
5797,25854
5798,22769
5799,29778
5800,1694242
5801,109882
5802,117665
5803,51712
5804,154058
5805,9576293
5806,22541
5807,29841
5808,84004
5809,27318
5810,37376
5811,23040
5812,146063
5813,22528
5814,148958
5815,21504
5816,125018
5817,24064
5818,157112
5819,21504
5820,130015
5821,24576
5822,134117
5823,22016
5824,132008
5825,35328
5826,234424
5827,23552
5828,137736
5829,20992
5830,122032
5831,35328
5832,186155
5833,21504
5834,129205
5835,21504
5836,118764
5837,25600
5838,143194
5839,20992
5840,113953
5841,20992
5842,111360
5843,23040
5844,142438
5845,22528
5846,126043
5847,21504
5848,122653
5849,22528
5850,132064
5851,48640
5852,306520
5853,31744
5854,200286
5855,80384
5856,285825
5857,22016
5858,122624
5859,102912
5860,281536
5861,26624
5862,152313
5863,30851
5864,36352
5865,161829
5866,6079679
5867,3007363
5868,19811
5869,3298878
5870,163264
5871,11204
5872,63604
5873,30647
5874,114002
5875,58288
5876,28516
5877,27030
5878,36352
5879,232534
5880,152637
5881,880655
5882,486612
5883,10074
5884,14051
5885,18730
5886,85620
5887,95877
5888,216123
5889,53916
5890,34352
5891,19871
5892,18602
5893,23128
5894,17639
5895,18768
5896,16262
5897,17848
5898,16008
5899,88995
5900,27479
5901,13314
5902,14810
5903,18018
5904,18292
5905,26554
5906,14049
5907,27797
5908,28841
5909,14482
5910,14492
5911,17978
5912,17992
5913,18632
5914,27605
5915,13447
5916,37396
5917,24550
5918,14735
5919,14728
5920,16850
5921,17195
5922,15260
5923,26816
5924,13335
5925,14451
5926,15570
5927,18229
5928,21146
5929,27580
5930,13573
5931,14323
5932,15872
5933,16455
5934,18243
5935,27234
5936,14968
5937,43885
5938,27259
5939,13695
5940,15352
5941,15380
5942,15521
5943,43741
5944,27774
5945,26019
5946,15064
5947,24164
5948,26325
5949,15027
5950,15358
5951,16465
5952,39546
5953,27026
5954,13714
5955,15100
5956,18323
5957,18782
5958,18823
5959,94975
5960,18790
5961,18468
5962,18997
5963,18889
5964,21669
5965,2061724
5966,25784
5967,25325
5968,37046
5969,14262
5970,14141
5971,90446
5972,253291
5973,18550
5974,18433
5975,7612696
5976,99249
5977,92376
5978,106192
5979,15364
5980,52973101
5981,34816
5982,145529
5983,392595
5984,39103
5985,14011
5986,101399
5987,99756
5988,14235
5989,6324376
5990,767998
5991,644562
5992,378360
5993,289151
5994,660322
5995,116316
5996,49572
5997,3023247
5998,2973122
5999,605404
6000,15953
6001,12292
6002,550164
6003,535458
6004,542452
6005,556848
6006,535908
6007,552335
6008,730257
6009,545946
6010,552314
6011,552610
6012,550453
6013,530624
6014,537021
6015,550467
6016,557454
6017,537618
6018,617931
6019,2573912
6020,546837
6021,550386
6022,544924
6023,85001
6024,80791
6025,82947
6026,80263
6027,79788
6028,83757
6029,156360
6030,83474
6031,84695
6032,80284
6033,81849
6034,83239
6035,80429
6036,83000
6037,85830
6038,83782
6039,110283
6040,2119147
6041,82077
6042,80725
6043,85921
6044,40448
6045,378809
6046,366862
6047,371884
6048,432616
6049,364316
6050,380811
6051,793644
6052,397748
6053,380892
6054,389272
6055,381484
6056,360679
6057,366297
6058,380215
6059,387930
6060,364006
6061,473397
6062,2375170
6063,377447
6064,386431
6065,382431
6066,58874
6067,54900
6068,56463
6069,53358
6070,53053
6071,57326
6072,159129
6073,57200
6074,58762
6075,53377
6076,55937
6077,57330
6078,54377
6079,57018
6080,60158
6081,57521
6082,88906
6083,2092912
6084,56253
6085,54677
6086,60329
6087,418876
6088,371302
6089,407379
6090,377729
6091,417840
6092,420745
6093,620843
6094,423072
6095,388399
6096,411364
6097,412056
6098,364666
6099,390654
6100,413219
6101,418759
6102,437674
6103,571565
6104,5539607
6105,420202
6106,411231
6107,415295
6108,78121
6109,73682
6110,76699
6111,74063
6112,74092
6113,78475
6114,188040
6115,81438
6116,81535
6117,73884
6118,77064
6119,78657
6120,74852
6121,79208
6122,82389
6123,80539
6124,111566
6125,5197477
6126,78279
6127,76752
6128,85309
6129,427878
6130,411652
6131,416746
6132,458900
6133,426287
6134,491133
6135,608496
6136,432048
6137,393107
6138,458399
6139,461978
6140,405827
6141,475136
6142,447926
6143,463017
6144,481529
6145,591849
6146,5581106
6147,391448
6148,419120
6149,423786
6150,78902
6151,74679
6152,78095
6153,74599
6154,75464
6155,79394
6156,191034
6157,82631
6158,82642
6159,74404
6160,78077
6161,78829
6162,75837
6163,163635
6164,80285
6165,83500
6166,81988
6167,114490
6168,5198462
6169,79583
6170,78090
6171,85822
6172,362621
6173,349563
6174,348219
6175,382643
6176,345026
6177,382498
6178,457488
6179,344289
6180,354691
6181,382333
6182,346311
6183,331118
6184,369494
6185,339837
6186,350445
6187,355630
6188,357746
6189,435922
6190,347438
6191,346564
6192,349079
6193,60699
6194,56738
6195,58102
6196,56173
6197,56580
6198,59740
6199,126343
6200,59542
6201,59906
6202,56171
6203,57424
6204,59863
6205,63839
6206,58364
6207,63844
6208,61714
6209,59783
6210,90833
6211,58990
6212,56869
6213,61971
6214,479266
6215,463839
6216,464824
6217,457458
6218,461177
6219,471241
6220,559746
6221,460664
6222,471971
6223,457417
6224,462290
6225,448122
6226,465274
6227,455844
6228,463765
6229,472641
6230,474288
6231,526079
6232,462895
6233,463601
6234,542674
6235,435604
6236,86676
6237,82930
6238,83043
6239,81275
6240,81467
6241,84880
6242,151141
6243,85313
6244,85533
6245,81277
6246,82489
6247,85755
6248,88577
6249,81902
6250,89539
6251,88179
6252,85425
6253,111173
6254,83851
6255,81841
6256,88027
6257,88021
6258,438087
6259,431674
6260,427133
6261,445736
6262,429192
6263,435063
6264,533752
6265,423601
6266,436497
6267,445724
6268,427662
6269,422972
6270,423663
6271,413818
6272,456830
6273,435560
6274,510237
6275,434825
6276,426372
6277,492092
6278,420751
6279,86880
6280,83301
6281,83361
6282,84058
6283,82418
6284,85077
6285,155102
6286,85503
6287,86793
6288,84048
6289,84535
6290,86719
6291,81641
6292,86119
6293,88226
6294,88872
6295,116397
6296,85200
6297,81844
6298,90340
6299,90326
6300,28065
6301,43008
6302,175304
6303,170142
6304,158190
6305,164261
6306,174959
6307,172769
6308,178989
6309,165350
6310,166627
6311,187110
6312,169452
6313,183087
6314,161519
6315,163598
6316,22118
6317,22090
6318,180224
6319,40002
6320,39103
6321,180736
6322,43379
6323,50015
6324,2138573
6325,522345
6326,61374
6327,227630
6328,189825
6329,163675
6330,12048
6331,559520
6332,507443
6333,514098
6334,568426
6335,544298
6336,561557
6337,702892
6338,556085
6339,561672
6340,569602
6341,550327
6342,537628
6343,545319
6344,557716
6345,565026
6346,506057
6347,625168
6348,2582785
6349,556189
6350,556406
6351,513817
6352,621051
6353,609483
6354,612956
6355,630127
6356,605426
6357,622930
6358,823433
6359,611254
6360,622794
6361,634171
6362,622316
6363,601806
6364,606474
6365,621481
6366,628241
6367,605175
6368,715741
6369,2606481
6370,618656
6371,580142
6372,572239
6373,389858
6374,383879
6375,416655
6376,423223
6377,428235
6378,427332
6379,629988
6380,433608
6381,398666
6382,419565
6383,421177
6384,372202
6385,401782
6386,422524
6387,428996
6388,446098
6389,578013
6390,5546219
6391,428479
6392,419177
6393,424165
6394,435742
6395,422927
6396,425075
6397,473363
6398,437775
6399,504661
6400,617423
6401,406229
6402,406234
6403,433329
6404,475747
6405,417833
6406,490562
6407,459952
6408,471910
6409,489321
6410,603253
6411,5553221
6412,439864
6413,430173
6414,395434
6415,490868
6416,474443
6417,448407
6418,469839
6419,473613
6420,482790
6421,568586
6422,472172
6423,484388
6424,469853
6425,475645
6426,431375
6427,475894
6428,468349
6429,476175
6430,485177
6431,488698
6432,535093
6433,473568
6434,475124
6435,479746
6436,540964
6437,474755
6438,472739
6439,465011
6440,494677
6441,460599
6442,463089
6443,571635
6444,464713
6445,468320
6446,494394
6447,480748
6448,457189
6449,480162
6450,457355
6451,480500
6452,475671
6453,472527
6454,561711
6455,461948
6456,458196
6457,468013
6458,448435
6459,441974
6460,435763
6461,456736
6462,439438
6463,443565
6464,539948
6465,432998
6466,446821
6467,456705
6468,437003
6469,431435
6470,434618
6471,410461
6472,467117
6473,446070
6474,515655
6475,445020
6476,435766
6477,428342
6478,484556
6479,24220
6480,938083
6481,144174
6482,984234
6483,31110
6484,14663
6485,11713
6486,20041
6487,14424
6488,20517
6489,13714
6490,13412
6491,18988
6492,26098
6493,12745
6494,34286
6495,25153
6496,31674
6497,74578
6498,26643
6499,10159
6500,18292
6501,16545
6502,175419
6503,178640
6504,197154
6505,77223
6506,214337
6507,173705
6508,211845
6509,187190
6510,213708
6511,163328
6512,15036
6513,29452
6514,76726
6515,614334
6516,39290
6517,24306
6518,31307
6519,11649
6520,21952
6521,20230
6522,26793
6523,20968
6524,20974
6525,65068
6526,38170
6527,19030
6528,24306
6529,24306
6530,17587
6531,15089
6532,10962
6533,14094
6534,10398
6535,18647
6536,12462
6537,10457
6538,12705
6539,30187
6540,14583
6541,55774
6542,142493
6543,6962966
6544,679534
6545,1649516
6546,19648
6547,75867
6548,164596
6549,27403
6550,13554
6551,28219
6552,575391
6553,27824
6554,12943
6555,23501
6556,28084
6557,13715
6558,23740
6559,23586
6560,23652
6561,23342
6562,23454
6563,23796
6564,13274
6565,13217
6566,18238
6567,13056
6568,73715
6569,48961
6570,351659
6571,175941
6572,107649
6573,71292
6574,907385
6575,38253
6576,33716
6577,34082
6578,53793
6579,35878
6580,52433
6581,43499
6582,35108
6583,51604
6584,51183
6585,35947
6586,34083
6587,101794
6588,146236
6589,111961
6590,104318
6591,13768
6592,56916
6593,72843
6594,28133
6595,73233
6596,6435126
6597,6963047
6598,2908788
6599,1475559
6600,60364
6601,61076
6602,51403
6603,21375
6604,107154
6605,111223
6606,115937
6607,113231
6608,112435
6609,113029
6610,112067
6611,111517
6612,111706
6613,110824
6614,111039
6615,110628
6616,110564
6617,110892
6618,117609
6619,117728
6620,10707
6621,156654
6622,91375
6623,56992
6624,20048
6625,41147
6626,11358
6627,60841
6628,391834
6629,34407
6630,104038
6631,75310
6632,34795
6633,38683
6634,122490
6635,62689
6636,315620
6637,65630
6638,315636
6639,66399
6640,129216
6641,66409
6642,315617
6643,66669
6644,66902
6645,37365
6646,65726
6647,129276
6648,66935
6649,67583
6650,33592
6651,57037
6652,62416
6653,198299
6654,907775
6655,128546
6656,33959
6657,56320
6658,78336
6659,80384
6660,315630
6661,315625
6662,3012891
6663,647643
